question,answer,contexts,ground_truth,context_precision,context_recall,faithfulness,answer_relevancy
What are the global implications of the USA Supreme Court ruling on abortion?,"The global implications of the USA Supreme Court ruling on abortion can be significant, as it sets a precedent for other countries and influences the global discourse on reproductive rights. Here are some potential implications:

1. Influence on other countries: The Supreme Court's ruling can serve as a reference point for other countries grappling with their own abortion laws. It can provide legal arguments and reasoning that advocates for reproductive rights can use to challenge restrictive abortion laws in their respective jurisdictions.

2. Strengthening of global reproductive rights movements: A favorable ruling by the Supreme Court can energize and empower reproductive rights movements worldwide. It can serve as a rallying point for activists and organizations advocating for women's rights, leading to increased mobilization and advocacy efforts globally.

3. Counteracting anti-abortion movements: Conversely, a ruling that restricts abortion rights can embolden anti-abortion movements globally. It can provide legitimacy to their arguments and encourage similar restrictive measures in other countries, potentially leading to a rollback of existing reproductive rights.

4. Impact on international aid and policies: The Supreme Court's ruling can influence international aid and policies related to reproductive health. It can shape the priorities and funding decisions of donor countries and organizations, potentially leading to increased support for reproductive rights initiatives or conversely, restrictions on funding for abortion-related services.

5. Shaping international human rights standards: The ruling can contribute to the development of international human rights standards regarding reproductive rights. It can influence the interpretation and application of existing human rights treaties and conventions, potentially strengthening the recognition of reproductive rights as fundamental human rights globally.

6. Global health implications: The Supreme Court's ruling can have implications for global health outcomes, particularly in countries with restrictive abortion laws. It can impact the availability and accessibility of safe and legal abortion services, potentially leading to an increase in unsafe abortions and related health complications.

It is important to note that the specific implications will depend on the nature of the Supreme Court ruling and the subsequent actions taken by governments, activists, and organizations both within and outside the United States.","[""- In 2022, the USA Supreme Court handed down a decision ruling that overturned 50 years of jurisprudence recognizing a constitutional right to abortion.\n- This decision has had a massive impact: one in three women and girls of reproductive age now live in states where abortion access is either totally or near-totally inaccessible.\n- The states with the most restrictive abortion laws have the weakest maternal health support, higher maternal death rates, and higher child poverty rates.\n- The USA Supreme Court ruling has also had impacts beyond national borders due to the geopolitical and cultural influence wielded by the USA globally and the aid it funds.\n- SRR organizations and activists across the world have expressed fear about the ruling laying the groundwork for anti-abortion legislative and policy attacks in other countries.\n- Advocates have also observed the ruling's impact on progressive law reform and the stalling of the adoption and enforcement of abortion guidelines in certain African countries.\n- The ruling has created a chilling effect in international policy spaces, emboldening anti-abortion state and non-state actors to undermine human rights protections.""
 'The USA Supreme Court ruling on abortion has sparked intense debates and discussions not only within the country but also around the world. Many countries look to the United States as a leader in legal and social issues, so the decision could potentially influence the policies and attitudes towards abortion in other nations.'
 ""The ruling may also impact international organizations and non-governmental groups that work on reproductive rights and women's health issues. Depending on the outcome, there could be shifts in funding, advocacy efforts, and collaborations with American counterparts, leading to ripple effects in the global fight for reproductive justice.""]","The global implications of the USA Supreme Court ruling on abortion are significant. The ruling has led to limited or no access to abortion for one in three women and girls of reproductive age in states where abortion access is restricted. These states also have weaker maternal health support, higher maternal death rates, and higher child poverty rates. Additionally, the ruling has had an impact beyond national borders due to the USA's geopolitical and cultural influence globally. Organizations and activists worldwide are concerned that the ruling may inspire anti-abortion legislative and policy attacks in other countries. The ruling has also hindered progressive law reform and the implementation of abortion guidelines in certain African countries. Furthermore, the ruling has created a chilling effect in international policy spaces, empowering anti-abortion actors to undermine human rights protections.",0.9999999999666667,1.0,1.0,1.0000000000000002
Which companies are the main contributors to GHG emissions and their role in global warming according to the Carbon Majors database?,"According to the Carbon Majors database, the main contributors to greenhouse gas (GHG) emissions and their role in global warming are primarily fossil fuel companies. These companies extract, produce, and sell fossil fuels, which when burned release carbon dioxide (CO2) and other GHGs into the atmosphere. The top contributors include:

1. Saudi Arabian Oil Company (Saudi Aramco): As the world's largest oil producer, Saudi Aramco is responsible for a significant portion of global GHG emissions. It is estimated to have contributed around 59.26 gigatons of CO2 equivalent (GtCO2e) between 1965 and 2017.

2. Chevron Corporation: Chevron is one of the largest oil and gas companies globally and has contributed approximately 43.35 GtCO2e between 1965 and 2017.

3. ExxonMobil Corporation: ExxonMobil is another major oil and gas company and has contributed around 41.90 GtCO2e between 1965 and 2017.

4. BP plc: BP is a multinational oil and gas company and has contributed approximately 34.02 GtCO2e between 1965 and 2017.

5. Royal Dutch Shell plc: Shell is one of the largest oil and gas companies globally and has contributed around 31.95 GtCO2e between 1965 and 2017.

6. TotalEnergies SE: TotalEnergies is a French multinational oil and gas company and has contributed approximately 31.91 GtCO2e between 1965 and 2017.

7. ConocoPhillips Company: ConocoPhillips is an American multinational energy corporation and has contributed around 20.67 GtCO2e between 1965 and 2017.

8. PetroChina Company Limited: PetroChina is the largest oil and gas producer in China and has contributed approximately 17.26 GtCO2e between 1965 and 2017.

9. Peabody Energy Corporation: Peabody Energy is the largest private-sector coal company globally and has contributed around 15.39 GtCO2e between 1965 and 2017.

10. Glencore plc: Glencore is a multinational commodity trading and mining company and has contributed approximately 15.11 GtCO2e between 1965 and 2017.

These companies, along with others in the fossil","['In recent years, there has been increasing pressure on these major contributors to reduce their greenhouse gas emissions and transition to more sustainable practices. Many of these companies have made commitments to reduce their carbon footprint and invest in renewable energy sources. However, the role of these companies in global warming remains a contentious issue, with ongoing debates about their responsibility and accountability for the environmental damage caused by their operations.'
 'The Carbon Majors database identifies a small group of companies responsible for the majority of global greenhouse gas emissions. These companies include major oil and gas producers, as well as coal mining companies, whose activities have significantly contributed to climate change. The data from the Carbon Majors database highlights the disproportionate impact of these companies on the environment and the urgent need for action to address their emissions.'
 '- Fossil fuel companies, whether state or private, play a key role in the emissions that drive global warming.\n- According to the Carbon Majors database, 100 existing fossil fuel companies (and eight that no longer exist) have produced almost a trillion tons of GHG emissions in 150 years.\n- These 100 companies are responsible for 71% of all GHG emissions since 1988.\n- In the Americas, the private companies responsible for the most emissions during this period, according to the database, are from the United States: ExxonMobil, Chevron, and Peabody.\n- The largest emitter amongst state-owned companies in the Americas is Mexican company Pemex, followed by Venezuelan company Petróleos de Venezuela, S.A.\n- Despite the fact that people with fewer resources, in particular from countries in the global South, do not make significant contributions to climate change, it is these people who are most affected by it.\n- Approximately half of the global population lives in areas that are ""very vulnerable"" to climate change, and it is people with considerable development constraints who are most exposed.\n- This disproportionately affects the human rights of people with fewer resources and greater risk in the context of climate change in the global South.\n- Between 2010 and 2020, human mortality due to climate disasters was 15 times higher in vulnerable regions and populations.']","According to the Carbon Majors database, the main contributors to GHG emissions and their role in global warming are fossil fuel companies. These companies, both state-owned and private, have produced almost a trillion tons of GHG emissions in 150 years. The database shows that 100 existing fossil fuel companies, along with eight that no longer exist, are responsible for 71% of all GHG emissions since 1988. In the Americas, the private companies that have contributed the most emissions are ExxonMobil, Chevron, and Peabody, all from the United States. Among state-owned companies in the Americas, the largest emitter is Mexican company Pemex, followed by Venezuelan company Petróleos de Venezuela, S.A. It is important to note that while people with fewer resources, particularly from countries in the global South, do not significantly contribute to climate change, they are the ones most affected by its impacts. Approximately half of the global population lives in areas that are ""very vulnerable"" to climate change, and it is people with limited development opportunities who face the greatest risks. This unequal impact disproportionately affects the human rights of those with fewer resources and greater vulnerability in the context of climate change in the global South. Additionally, between 2010 and 2020, human mortality due to climate disasters was 15 times higher in vulnerable regions and populations.",0.9999999999666667,1.0,0.19230769230769232,0.9652107030789948
Which private companies in the Americas are the largest GHG emitters according to the Carbon Majors database?,"According to the Carbon Majors database, the largest private companies in the Americas that are the largest GHG emitters are:

1. Chevron Corporation (United States)
2. ExxonMobil Corporation (United States)
3. ConocoPhillips Company (United States)
4. BP plc (United Kingdom, but with significant operations in the Americas)
5. Royal Dutch Shell plc (Netherlands, but with significant operations in the Americas)
6. Peabody Energy Corporation (United States)
7. Duke Energy Corporation (United States)
8. TotalEnergies SE (France, but with significant operations in the Americas)
9. BHP Group Limited (Australia, but with significant operations in the Americas)
10. Rio Tinto Group (United Kingdom/Australia, but with significant operations in the Americas)

Please note that the rankings may change over time as new data becomes available.","['The issue of greenhouse gas emissions has become a major concern for environmentalists and policymakers alike, as the impact of climate change becomes more apparent. Private companies in the Americas play a significant role in contributing to these emissions, with some being identified as the largest emitters in the region according to the Carbon Majors database.'
 'Reducing greenhouse gas emissions from private companies is a complex challenge that requires cooperation between governments, businesses, and consumers. Many companies are now taking steps to reduce their carbon footprint through initiatives such as investing in renewable energy, improving energy efficiency, and offsetting emissions through carbon credits.'
 'The private companies responsible for the most emissions during this period, according to the database, are from the United States: ExxonMobil, Chevron and Peabody.\nThe largest emitter amongst state-owned companies in the Americas is Mexican company Pemex, followed by Venezuelan company Petróleos de Venezuela, S.A.']","The largest private companies in the Americas that are the largest GHG emitters according to the Carbon Majors database are ExxonMobil, Chevron, and Peabody.",0.8333333332916666,1.0,0.0,0.9895691858300099
